YEAR,DEST,Germany,Italy,France,Spain,Austria,Sweden,Belgium,Greece,Poland,Hungary,Finland,Norway,United Kingdom,Iceland,Ireland,Netherlands,Switzerland,Luxembourg,Bulgaria,Cyprus,Malta,Denmark,Romania,Lithuania,Portugal,Czech Republic,Slovakia,Slovenia,Latvia,Croatia,Estonia
2006,all destinations,0,0,2,0,3,0,0,0,3,0,0,0,0,0,0,0,0,0,0,0,0,0,0,0,0,0,0,0,0,0,0
2007,all destinations,45,93,34,130,24,0,3,0,5,0,0,1,17,0,0,28,44,2,0,0,0,0,2,0,0,0,0,0,0,0,0
2008,all destinations,25,54,47,414,26,37,5,5,11,0,0,3,60,0,23,51,26,6,0,0,0,0,0,0,0,0,2,1,5,0,0
2009,all destinations,152,140,68,236,211,156,7,25,78,24,2,31,131,4,216,48,65,12,0,3,5,0,1,0,0,4,1,1,1,0,0
2010,all destinations,225,100,53,343,405,159,5,90,90,12,51,70,176,1,111,52,2,5,0,66,16,0,0,0,0,2,2,2,0,0,0
2011,all destinations,383,104,47,535,180,140,26,20,22,14,40,202,113,0,118,39,32,1,3,0,12,9,1,0,16,1,1,0,0,0,0
2012,all destinations,644,158,62,460,184,200,5,19,18,42,9,79,0,0,101,25,6,33,5,0,48,0,6,0,5,1,0,0,0,0,0
2013,all destinations,458,165,105,540,81,195,60,84,29,28,26,52,42,39,64,24,6,0,44,0,2,5,4,0,6,0,0,2,0,0,0
2014,all destinations,512,119,155,329,80,164,59,166,65,288,60,93,41,1,0,14,12,34,31,0,18,17,2,13,3,0,3,0,0,0,0
2015,all destinations,1318,246,202,240,338,275,68,43,16,367,58,74,40,46,12,35,64,25,69,0,9,6,4,12,1,1,1,0,0,4,2
2016,all destinations,7041,828,283,308,308,306,182,203,6,137,409,92,47,189,0,59,84,30,8,0,4,14,1,9,1,0,1,0,0,0,0
2017,all destinations,8711,1992,1017,397,536,220,283,196,10,92,95,36,35,306,0,29,76,81,31,0,1,27,2,2,1,3,7,3,0,0,0
2018,all destinations,6927,2089,1072,606,699,130,260,68,6,29,29,13,0,83,0,127,81,9,8,0,0,0,0,2,4,0,0,3,0,0,0
2019,all destinations,5654,1863,1382,669,571,302,205,26,4,15,31,18,0,10,47,9,33,24,25,0,0,6,2,0,1,3,0,3,0,0,0
2020,all destinations,3936,1491,1542,357,240,78,61,98,21,5,23,7,0,16,0,17,0,12,7,0,2,0,27,0,0,8,1,3,0,0,0
2021,all destinations,5400,2148,1322,507,284,179,22,162,17,15,3,11,0,6,0,0,21,23,13,0,0,0,44,2,1,10,1,2,0,0,0
2022,all destinations,4114,2724,1497,349,134,120,36,68,701,5,21,0,0,0,0,6,9,7,2,78,3,27,3,8,0,4,3,0,0,0,0
2016,Afghanistan,34,0,0,0,0,13,0,0,0,0,3,0,0,0,0,0,0,0,0,0,0,3,0,0,0,0,0,0,0,0,0
2017,Afghanistan,121,0,0,0,56,42,1,0,0,20,51,0,0,0,0,0,0,0,0,0,0,16,0,0,0,0,0,1,0,0,0
2018,Afghanistan,284,0,0,0,116,68,2,6,0,11,6,0,0,0,0,0,0,0,2,0,0,0,0,0,0,0,0,0,0,0,0
2019,Afghanistan,361,0,0,0,168,246,0,3,0,7,0,0,0,0,0,0,0,0,16,0,0,0,0,0,0,0,0,1,0,0,0
2020,Afghanistan,137,0,0,0,37,46,0,2,0,0,0,0,0,0,0,0,0,0,5,0,0,0,0,0,0,0,0,0,0,0,0
2021,Afghanistan,167,0,0,0,52,29,2,0,0,5,2,0,0,0,0,0,0,1,7,0,0,0,36,0,0,0,1,0,0,0,0
2007,Albania,0,2,6,0,0,0,2,0,0,0,0,0,12,0,0,3,0,0,0,0,0,0,0,0,0,0,0,0,0,0,0
2009,Albania,1,0,10,0,2,0,0,0,0,0,0,0,0,3,0,0,0,5,0,0,0,0,0,0,0,0,0,0,0,0,0
2010,Albania,0,0,0,0,0,0,0,0,1,0,0,0,21,1,0,0,0,0,0,0,0,0,0,0,0,0,0,0,0,0,0
2013,Albania,0,5,59,8,0,10,15,0,0,0,0,0,0,38,15,1,0,0,0,0,0,0,0,0,0,0,0,0,0,0,0
2014,Albania,45,0,104,39,2,51,20,0,0,0,20,0,0,0,0,0,0,0,0,0,0,0,0,0,0,0,0,0,0,0,0
2015,Albania,154,11,155,43,0,149,32,0,0,0,18,0,40,31,0,7,0,0,0,0,0,1,0,0,0,0,0,0,0,0,1
2016,Albania,2229,0,278,30,30,150,73,0,3,10,22,0,47,107,0,38,0,19,1,0,0,0,0,0,0,0,0,0,0,0,0
2017,Albania,2541,0,1006,38,8,78,151,0,0,0,9,0,35,119,0,19,0,18,0,0,0,0,0,0,0,0,0,0,0,0,0
2018,Albania,1510,0,992,85,12,12,213,0,0,2,0,0,0,25,0,123,0,0,0,0,0,0,0,0,1,0,0,0,0,0,0
2019,Albania,795,0,1227,146,7,0,195,0,0,0,9,0,0,0,19,7,0,9,0,0,0,0,0,0,0,0,0,0,0,0,0
2020,Albania,591,47,1112,44,0,7,49,0,0,0,0,0,0,6,0,2,0,5,0,0,0,0,0,0,0,0,0,0,0,0,0
2021,Albania,602,0,1240,112,4,11,6,0,0,0,0,0,0,0,0,0,0,11,0,0,0,0,0,0,0,0,0,0,0,0,0
2022,Albania,362,13,1397,82,0,0,9,0,0,0,0,0,0,0,0,0,0,2,0,0,0,0,0,0,0,0,0,0,0,0,0
2019,Angola,0,0,0,0,0,0,0,0,0,0,0,0,0,0,0,0,2,0,0,0,0,0,0,0,0,0,0,0,0,0,0
2006,Armenia,0,0,0,0,0,0,0,0,2,0,0,0,0,0,0,0,0,0,0,0,0,0,0,0,0,0,0,0,0,0,0
2009,Armenia,1,0,1,0,0,6,0,0,4,0,0,0,0,0,0,0,0,0,0,0,0,0,0,0,0,0,0,0,0,0,0
2010,Armenia,2,0,1,0,2,5,0,0,3,0,0,0,0,0,0,0,0,0,0,0,0,0,0,0,0,0,0,0,0,0,0
2011,Armenia,0,0,0,0,10,0,0,0,0,4,0,0,0,0,0,0,1,0,0,0,0,0,0,0,0,0,0,0,0,0,0
2012,Armenia,6,7,8,8,17,0,0,0,1,1,0,0,0,0,0,0,3,0,1,0,0,0,0,0,0,0,0,0,0,0,0
2013,Armenia,0,0,2,0,8,5,0,0,0,0,0,0,0,0,0,4,0,0,0,0,0,0,0,0,0,0,0,0,0,0,0
2015,Armenia,6,0,0,1,1,19,0,0,0,0,4,0,0,0,0,0,0,0,0,0,0,0,0,0,0,0,0,0,0,0,0
2016,Armenia,23,0,0,2,35,25,17,0,0,0,0,0,0,2,0,5,3,0,1,0,0,0,0,0,0,0,0,0,0,0,0
2017,Armenia,109,0,0,0,60,8,5,3,0,0,0,0,0,0,0,0,1,0,0,0,0,0,0,0,0,0,0,0,0,0,0
2018,Armenia,219,0,9,0,36,0,0,0,0,0,0,0,0,0,0,0,0,0,0,0,0,0,0,0,0,0,0,0,0,0,0
2019,Armenia,252,0,0,0,19,0,0,0,0,0,0,0,0,0,0,0,4,0,0,0,0,0,0,0,0,0,0,0,0,0,0
2020,Armenia,40,0,0,0,2,0,0,0,0,0,0,0,0,0,0,0,0,0,0,0,0,0,0,0,0,0,0,0,0,0,0
2021,Armenia,351,0,0,0,10,1,0,0,0,0,0,0,0,0,0,0,0,0,1,0,0,0,0,0,0,0,0,0,0,0,0
2022,Armenia,111,0,0,0,7,9,0,0,0,0,0,0,0,0,0,0,0,0,0,0,0,0,0,0,0,0,0,0,0,0,0
2017,Azerbaijan,0,0,0,0,0,0,4,0,0,0,0,0,0,0,0,0,0,0,0,0,0,0,0,0,0,0,0,0,0,0,0
2018,Azerbaijan,30,0,0,0,8,0,0,0,0,0,0,0,0,0,0,0,2,0,0,0,0,0,0,0,0,0,0,0,0,0,0
2019,Azerbaijan,121,0,0,0,0,0,0,0,0,0,0,0,0,0,0,0,0,0,0,0,0,0,0,0,0,0,0,0,0,0,0
2020,Azerbaijan,50,0,0,0,0,0,0,0,0,0,0,0,0,0,0,0,0,0,0,0,0,0,0,0,0,0,0,0,0,0,0
2021,Azerbaijan,218,0,0,0,0,0,0,0,0,0,0,0,0,0,0,0,0,0,0,0,0,0,0,0,0,0,0,0,0,0,0
2022,Azerbaijan,175,0,0,0,0,0,0,0,0,0,0,0,0,0,0,0,0,0,0,0,0,0,0,0,0,0,0,0,0,0,0
2008,Bangladesh,0,1,1,62,0,0,0,0,0,0,0,0,0,0,0,0,0,0,0,0,0,0,0,0,0,0,0,0,5,0,0
2016,Bangladesh,3,0,0,0,0,0,0,0,0,0,0,0,0,0,0,0,0,0,0,0,0,0,0,0,0,0,0,0,0,0,0
2017,Bangladesh,36,0,0,0,0,0,0,0,0,0,0,0,0,0,0,0,0,0,0,0,0,0,0,0,0,0,0,0,0,0,0
2018,Bangladesh,83,0,0,0,11,0,0,0,0,0,0,0,0,0,0,0,0,0,0,0,0,0,0,0,0,0,0,0,0,0,0
2019,Bangladesh,115,0,0,0,4,0,0,0,0,0,0,0,0,0,0,0,1,0,0,0,0,0,0,0,0,0,0,0,0,0,0
2020,Bangladesh,15,0,0,0,0,0,0,0,0,0,0,0,0,1,0,0,0,0,0,0,2,0,0,0,0,0,0,0,0,0,0
2021,Bangladesh,33,0,0,0,6,0,0,19,0,0,0,0,0,0,0,0,0,0,0,0,0,0,1,0,0,0,0,0,0,0,0
2022,Bangladesh,26,0,0,0,4,0,0,23,0,0,0,0,0,0,0,0,0,0,0,24,0,0,3,0,0,0,0,0,0,0,0
2018,Belarus,3,0,0,0,0,0,0,0,0,0,0,0,0,0,0,0,2,0,0,0,0,0,0,0,0,0,0,0,0,0,0
2007,Benin,1,0,0,0,0,0,0,0,0,0,0,0,0,0,0,0,1,0,0,0,0,0,0,0,0,0,0,0,0,0,0
2019,Benin,2,0,0,0,0,0,0,0,0,0,0,0,0,0,0,0,0,0,0,0,0,0,0,0,0,0,0,0,0,0,0
2014,Bosnia and Herzegovina,59,0,0,0,0,12,0,0,0,0,0,0,0,0,0,0,0,6,0,0,0,0,0,0,0,0,0,0,0,0,0
2015,Bosnia and Herzegovina,20,0,0,0,0,8,0,0,0,0,0,0,0,0,0,0,0,10,0,0,0,0,0,0,0,0,0,0,0,0,0
2016,Bosnia and Herzegovina,114,0,0,0,0,0,0,0,0,1,0,0,0,0,0,0,0,0,0,0,0,0,0,0,0,0,0,0,0,0,0
2017,Bosnia and Herzegovina,147,0,0,0,0,0,6,0,0,0,0,0,0,0,0,0,0,0,0,0,0,0,0,0,0,0,0,0,0,0,0
2018,Bosnia and Herzegovina,109,0,0,0,10,0,0,0,0,0,0,0,0,0,0,0,0,0,0,0,0,0,0,0,0,0,0,0,0,0,0
2019,Bosnia and Herzegovina,62,0,0,0,0,0,0,0,0,0,0,0,0,0,0,0,0,0,0,0,0,0,0,0,0,0,0,0,0,0,0
2020,Bosnia and Herzegovina,24,0,0,0,0,0,0,0,0,0,0,0,0,0,0,0,0,0,0,0,0,0,0,0,0,0,0,0,0,0,0
2021,Bosnia and Herzegovina,50,0,0,0,0,0,0,0,0,0,0,0,0,0,0,0,0,0,0,0,0,0,0,0,0,0,0,0,0,0,0
2022,Bosnia and Herzegovina,167,0,0,0,0,0,0,0,0,0,0,0,0,0,0,0,0,0,0,0,0,0,0,0,0,0,0,0,0,0,0
2018,Burkina Faso,3,0,0,0,0,0,0,0,0,0,0,0,0,0,0,0,0,0,0,0,0,0,0,0,0,0,0,0,0,0,0
2010,Burundi,0,0,0,0,0,16,0,0,0,0,0,4,0,0,0,1,0,0,0,0,0,0,0,0,0,0,0,0,0,0,0
2007,Cameroon,24,0,10,3,0,0,1,0,1,0,0,0,0,0,0,22,21,1,0,0,0,0,1,0,0,0,0,0,0,0,0
2009,Cameroon,3,0,3,0,1,1,3,0,0,0,0,0,0,0,0,2,0,0,0,0,0,0,0,0,0,0,0,0,0,0,0
2010,Cameroon,5,0,0,9,1,3,0,0,0,0,0,0,8,0,0,7,0,0,0,0,0,0,0,0,0,0,0,0,0,0,0
2017,Cameroon,0,0,0,0,0,0,0,0,0,0,0,0,0,0,0,0,6,0,0,0,0,0,0,0,0,0,0,0,0,0,0
2019,Cameroon,1,0,0,0,0,0,0,0,0,0,0,0,0,0,0,0,0,0,0,0,0,0,0,0,0,0,0,0,0,0,0
2007,Colombia,0,1,2,63,0,0,0,0,2,0,0,0,0,0,0,2,0,0,0,0,0,0,0,0,0,0,0,0,0,0,0
2008,Colombia,0,2,1,161,0,0,0,0,0,0,0,0,0,0,0,3,0,0,0,0,0,0,0,0,0,0,0,0,0,0,0
2009,Colombia,0,1,3,84,0,0,0,0,0,0,0,0,0,0,0,0,0,0,0,0,0,0,0,0,0,0,0,0,0,0,0
2010,Colombia,0,0,3,118,0,0,0,0,0,0,0,0,0,0,0,1,0,0,0,0,0,0,0,0,0,0,0,0,0,0,0
2011,Colombia,0,0,0,186,0,0,0,0,0,0,0,0,0,0,0,0,0,0,0,0,0,0,1,0,0,0,0,0,0,0,0
2012,Colombia,0,0,1,170,0,0,0,0,0,0,0,0,0,0,0,1,0,0,0,0,0,0,0,0,0,0,0,0,0,0,0
2013,Colombia,0,1,2,231,0,0,0,0,0,0,0,0,0,0,0,0,0,0,0,0,0,0,0,0,0,0,0,0,0,0,0
2014,Colombia,0,0,0,122,0,0,0,0,0,0,0,0,0,0,0,0,0,0,2,0,0,0,0,0,0,0,0,0,0,0,0
2015,Colombia,0,0,0,45,0,0,0,0,0,0,0,0,0,0,0,0,0,0,0,0,0,0,0,0,0,0,0,0,0,0,0
2016,Colombia,0,0,0,128,0,0,0,0,0,1,0,0,0,0,0,0,0,0,0,0,0,0,0,0,0,0,0,0,0,0,0
2017,Colombia,0,0,0,177,0,0,0,0,0,0,0,0,0,0,0,0,0,0,0,0,0,0,0,0,0,0,0,0,0,0,0
2018,Colombia,0,0,0,192,0,0,0,0,0,0,0,0,0,0,0,0,6,0,0,0,0,0,0,0,1,0,0,0,0,0,0
2019,Colombia,0,0,0,223,0,0,0,0,1,0,5,0,0,0,0,0,0,0,0,0,0,0,0,0,0,0,0,0,0,0,0
2020,Colombia,0,0,0,84,0,0,0,0,0,0,0,0,0,0,0,0,0,0,0,0,0,0,0,0,0,0,0,0,0,0,0
2021,Colombia,0,0,0,221,0,5,0,0,1,0,0,0,0,0,0,0,1,0,0,0,0,0,0,0,0,0,0,0,0,0,0
2022,Colombia,0,0,0,167,0,0,0,0,0,0,0,0,0,0,0,0,0,0,0,0,0,0,0,0,0,0,0,0,0,0,0
2011,Congo DR,2,0,2,0,0,1,4,0,0,0,1,3,3,0,5,0,2,0,0,0,0,0,0,0,0,0,0,0,0,0,0
2013,Congo DR,3,0,3,0,0,0,41,0,0,0,0,0,0,0,10,0,0,0,0,0,0,0,0,0,0,0,0,0,0,0,0
2014,Congo DR,0,0,3,0,0,0,35,0,0,0,3,0,0,0,0,0,0,1,0,0,0,0,1,0,0,0,0,0,0,0,0
2015,Congo DR,0,0,0,0,0,1,22,0,0,0,0,0,0,0,2,0,10,0,0,0,0,0,0,1,0,0,0,0,0,0,0
2016,Congo DR,1,0,0,0,0,0,22,0,0,0,0,1,0,0,0,0,7,0,0,0,0,0,1,0,0,0,0,0,0,0,0
2017,Congo DR,0,0,0,0,0,4,32,0,1,0,3,0,0,0,0,0,5,0,0,0,0,0,1,0,0,1,0,0,0,0,0
2018,Congo DR,1,0,0,0,0,0,5,0,0,1,1,0,0,0,0,0,2,0,0,0,0,0,0,0,0,0,0,0,0,0,0
2019,Congo DR,1,0,0,0,0,0,3,0,0,1,0,0,0,0,0,0,2,0,0,0,0,0,0,0,0,0,0,0,0,0,0
2021,Congo DR,0,0,0,0,0,0,5,0,0,0,0,0,0,0,0,0,2,0,0,0,0,0,0,0,0,0,0,0,0,0,0
2022,Congo DR,3,0,0,0,0,3,20,0,0,0,0,0,0,0,0,0,2,0,0,35,0,0,0,0,0,0,0,0,0,0,0
2009,Côte D'ivoire,0,0,0,0,0,0,0,0,0,0,0,0,0,0,0,0,5,0,0,0,0,0,0,0,0,0,0,0,0,0,0
2015,Côte D'ivoire,0,0,0,0,0,0,0,0,0,0,0,1,0,0,0,0,1,0,17,0,0,0,0,0,0,0,0,0,0,0,0
2016,Côte D'ivoire,0,0,0,0,0,0,0,0,0,0,0,0,0,0,0,0,2,0,0,0,0,0,0,0,0,0,0,0,0,0,0
2017,Côte D'ivoire,0,0,0,0,0,0,0,0,0,0,0,0,0,0,0,0,3,0,0,0,0,0,0,0,0,0,0,0,0,0,0
2018,Côte D'ivoire,1,0,0,0,0,0,0,0,0,0,0,0,0,0,0,0,0,0,0,0,0,0,0,0,0,0,0,0,0,0,0
2019,Côte D'ivoire,2,0,0,0,0,0,0,0,0,0,0,0,0,0,0,0,0,0,0,0,0,0,0,0,0,0,0,0,0,0,0
2011,Dominican Republic,0,0,1,24,0,0,0,0,0,0,0,0,0,0,0,0,0,0,0,0,0,0,0,0,0,0,0,0,0,0,0
2013,Dominican Republic,0,0,1,27,0,0,0,0,0,0,0,0,0,0,0,0,0,0,0,0,0,0,0,0,0,0,0,0,0,0,0
2014,Dominican Republic,0,0,0,26,0,0,0,5,0,0,0,0,0,0,0,0,0,0,0,0,0,0,0,0,0,0,0,0,0,0,0
2015,Dominican Republic,0,0,0,16,0,0,0,0,0,0,0,0,0,0,0,0,1,0,0,0,0,0,0,0,0,0,0,0,0,0,0
2016,Dominican Republic,1,0,0,56,0,0,0,0,0,0,0,0,0,0,0,0,0,0,0,0,0,0,0,0,0,0,0,0,0,0,0
2017,Dominican Republic,0,0,0,28,0,0,0,1,0,0,0,0,0,0,0,0,0,0,0,0,0,0,0,0,0,0,0,0,0,0,0
2018,Dominican Republic,0,0,0,40,0,0,0,0,0,0,0,0,0,0,0,0,0,0,0,0,0,0,0,0,0,0,0,0,0,0,0
2019,Dominican Republic,0,0,0,26,0,0,0,0,0,0,0,0,0,0,0,0,0,0,2,0,0,0,0,0,0,0,0,0,0,0,0
2020,Dominican Republic,0,0,0,9,0,0,0,0,0,0,0,0,0,0,0,0,0,0,0,0,0,0,0,0,0,0,0,0,0,0,0
2021,Dominican Republic,0,0,0,18,0,0,0,0,0,0,0,0,0,0,0,0,0,1,1,0,0,0,0,0,0,0,0,0,0,0,0
2022,Dominican Republic,0,0,0,24,0,0,0,0,0,0,0,0,0,0,0,0,0,0,0,0,0,0,0,0,0,0,0,0,0,0,0
2007,Ecuador,0,8,1,53,0,0,0,0,0,0,0,0,0,0,0,0,0,0,0,0,0,0,0,0,0,0,0,0,0,0,0
2008,Ecuador,1,5,0,120,0,0,0,0,0,0,0,0,0,0,0,0,0,0,0,0,0,0,0,0,0,0,0,0,0,0,0
2009,Ecuador,0,8,7,80,0,0,0,0,0,0,0,0,0,0,0,0,0,0,0,0,0,0,0,0,0,0,0,0,0,0,0
2010,Ecuador,0,2,4,87,0,0,0,0,0,0,0,0,0,0,0,0,0,0,0,0,0,0,0,0,0,0,0,0,0,0,0
2011,Ecuador,0,0,1,93,0,0,0,0,0,0,0,0,0,0,0,0,0,0,2,0,0,0,0,0,0,0,0,0,0,0,0
2012,Ecuador,0,3,0,133,0,0,0,0,0,0,0,0,0,0,0,0,0,0,0,0,0,0,0,0,1,0,0,0,0,0,0
2013,Ecuador,0,4,2,116,0,0,0,0,0,0,0,0,0,0,0,0,0,0,1,0,0,0,0,0,0,0,0,0,0,0,0
2014,Ecuador,0,0,0,35,0,0,0,0,0,0,0,0,0,0,0,0,0,0,0,0,0,0,0,0,0,0,0,0,0,0,0
2019,Ecuador,0,0,0,13,0,0,0,0,0,0,0,0,0,0,0,0,0,0,0,0,0,0,0,0,0,0,0,0,0,0,0
2022,Ecuador,0,0,0,5,0,0,0,0,0,0,0,0,0,0,0,0,0,0,0,0,0,0,0,0,0,0,0,0,0,0,0
2016,Egypt,0,0,0,0,0,0,0,1,1,3,0,2,0,0,0,0,5,0,0,0,0,0,0,0,0,0,0,0,0,0,0
2017,Egypt,6,182,0,0,0,0,0,0,0,0,0,0,0,0,0,0,1,0,0,0,0,0,0,0,0,0,0,0,0,0,0
2018,Egypt,43,37,1,0,0,0,0,0,0,0,0,0,0,0,0,0,1,0,0,0,0,0,0,0,0,0,0,0,0,0,0
2019,Egypt,28,176,0,0,0,0,0,0,0,0,0,0,0,0,0,0,0,0,0,0,0,0,0,0,0,0,0,0,0,0,0
2020,Egypt,0,49,0,0,0,0,0,0,0,0,0,0,0,0,0,0,0,0,0,0,0,0,0,0,0,0,0,0,0,0,0
2021,Egypt,39,261,0,0,0,0,0,0,0,0,0,0,0,0,0,0,0,0,0,0,0,0,0,0,0,0,0,0,0,0,0
2022,Egypt,6,316,0,0,3,0,0,0,0,0,0,0,0,0,0,0,0,0,0,0,0,0,0,0,0,0,0,0,0,0,0
2019,Ethiopia,0,0,0,0,0,15,0,0,0,0,4,14,0,0,0,0,0,0,0,0,0,0,0,0,0,0,0,0,0,0,0
2020,Ethiopia,10,0,0,0,0,0,0,0,0,0,0,0,0,0,0,0,0,0,0,0,0,0,0,0,0,0,0,0,0,0,0
2021,Ethiopia,20,0,0,0,0,2,0,0,0,0,0,0,0,0,0,0,4,0,0,0,0,0,0,0,0,0,0,0,0,0,0
2008,Gambia,1,0,0,0,5,0,0,0,0,0,0,0,0,0,0,0,0,0,0,0,0,0,0,0,0,0,0,0,0,0,0
2009,Gambia,2,0,0,0,3,1,0,0,0,0,0,1,0,0,0,0,0,0,0,0,0,0,0,0,0,0,0,0,0,0,0
2010,Gambia,0,0,0,0,3,0,0,1,0,0,2,1,0,0,0,0,0,0,0,0,0,0,0,0,0,0,0,0,0,0,0
2011,Gambia,1,0,0,0,2,0,0,0,0,0,1,0,0,0,0,0,0,0,0,0,0,0,0,0,0,0,0,0,0,0,0
2017,Gambia,4,0,0,0,3,5,0,0,0,0,3,0,0,0,0,0,0,0,0,0,0,0,0,0,0,0,0,0,0,0,0
2018,Gambia,85,4,0,0,24,2,0,0,0,0,1,0,0,0,0,0,8,0,0,0,0,0,0,0,0,0,0,1,0,0,0
2019,Gambia,36,7,0,0,2,2,0,0,0,0,0,0,0,0,0,0,0,0,0,0,0,0,0,0,0,0,0,0,0,0,0
2020,Gambia,19,0,0,0,1,4,0,0,0,1,0,1,0,0,0,0,0,0,0,0,0,0,0,0,0,0,0,0,0,0,0
2021,Gambia,22,0,0,0,0,1,0,0,0,0,1,0,0,0,0,0,0,0,0,0,0,0,0,0,0,0,0,0,0,0,0
2022,Gambia,74,13,0,0,1,0,0,0,0,0,3,0,0,0,0,0,0,0,0,0,0,0,0,0,0,0,0,0,0,0,0
2006,Georgia,0,0,2,0,3,0,0,0,1,0,0,0,0,0,0,0,0,0,0,0,0,0,0,0,0,0,0,0,0,0,0
2009,Georgia,1,0,9,25,29,1,0,11,33,0,0,0,2,0,8,0,14,0,0,0,0,0,0,0,0,0,0,0,0,0,0
2010,Georgia,22,0,14,49,26,1,0,19,77,0,0,1,0,0,0,0,2,0,0,1,0,0,0,0,0,0,0,0,0,0,0
2011,Georgia,0,0,4,37,20,5,0,2,14,5,0,4,0,0,13,0,4,0,0,0,0,0,0,0,0,0,0,0,0,0,0
2012,Georgia,24,11,21,49,58,10,0,0,9,3,0,8,0,0,17,0,3,0,1,0,0,0,1,0,0,0,0,0,0,0,0
2013,Georgia,25,3,13,31,5,9,0,25,26,2,0,1,0,0,7,0,3,0,2,0,0,0,0,0,0,0,0,0,0,0,0
2014,Georgia,11,0,7,38,6,5,0,8,20,0,1,1,0,0,0,1,3,0,0,0,0,4,0,9,0,0,0,0,0,0,0
2015,Georgia,60,14,4,60,3,25,0,19,6,0,0,0,0,3,0,0,14,0,6,0,0,0,0,11,0,0,0,0,0,0,0
2016,Georgia,182,0,0,71,20,14,11,57,0,5,0,0,0,0,0,0,5,0,0,0,0,0,0,6,0,0,0,0,0,0,0
2017,Georgia,367,0,0,66,64,20,6,51,0,7,0,0,0,28,0,0,9,5,0,0,0,0,0,0,1,0,0,0,0,0,0
2018,Georgia,803,0,34,42,117,4,7,15,0,0,2,0,0,36,0,0,13,0,0,0,0,0,0,0,2,0,0,0,0,0,0
2019,Georgia,751,8,141,113,48,16,2,0,0,0,0,0,0,10,12,0,3,4,0,0,0,0,0,0,0,0,0,0,0,0,0
2020,Georgia,780,33,411,36,84,14,0,34,0,0,10,0,0,2,0,1,0,0,0,0,0,0,0,0,0,0,0,0,0,0,0
2021,Georgia,926,37,63,67,35,15,0,36,0,0,0,0,0,6,0,0,1,5,0,0,0,0,0,0,0,4,0,0,0,0,0
2022,Georgia,740,53,100,59,13,51,5,20,0,0,8,0,0,0,0,0,0,5,0,0,0,17,0,0,0,1,0,0,0,0,0
2007,Ghana,2,2,0,4,0,0,0,0,2,0,0,0,0,0,0,0,0,0,0,0,0,0,0,0,0,0,0,0,0,0,0
2008,Ghana,0,1,4,0,0,0,0,0,0,0,0,0,0,0,1,0,0,0,0,0,0,0,0,0,0,0,0,0,0,0,0
2012,Ghana,0,0,0,0,0,0,0,0,0,0,0,0,0,0,0,0,0,0,0,0,24,0,0,0,0,0,0,0,0,0,0
2016,Ghana,6,0,0,0,0,0,0,0,0,0,0,0,0,0,0,0,5,0,0,0,0,0,0,0,0,0,0,0,0,0,0
2017,Ghana,4,0,0,0,0,1,3,0,0,0,3,0,0,0,0,0,1,0,0,0,1,0,0,0,0,0,0,0,0,0,0
2018,Ghana,104,0,0,1,0,0,4,0,0,0,0,0,0,0,0,0,1,0,0,0,0,0,0,0,0,0,0,0,0,0,0
2019,Ghana,101,0,0,0,0,0,0,0,0,0,0,0,0,0,0,0,0,0,0,0,0,0,0,0,0,0,0,0,0,0,0
2020,Ghana,53,0,0,0,0,0,0,0,0,0,0,0,0,0,0,0,0,0,0,0,0,0,0,0,0,0,0,0,0,0,0
2021,Ghana,162,0,0,0,0,0,1,0,0,0,0,0,0,0,0,0,0,0,0,0,0,0,0,0,0,0,0,0,0,0,0
2022,Ghana,91,0,0,0,0,0,0,0,0,0,0,0,0,0,0,0,0,0,0,0,3,0,0,0,0,0,0,0,0,0,0
2016,Guinea,0,0,0,0,0,0,8,0,0,0,0,0,0,0,0,0,0,0,0,0,0,0,0,0,0,0,0,0,0,0,0
2017,Guinea,1,0,0,24,0,0,16,0,0,0,0,0,0,0,0,0,9,0,0,0,0,0,0,0,0,0,0,0,0,0,0
2018,Guinea,3,0,16,0,0,0,7,0,0,0,0,0,0,0,0,0,0,0,0,0,0,0,0,0,0,0,0,0,0,0,0
2019,Guinea,9,0,0,0,1,0,4,0,0,0,0,0,0,0,0,2,0,0,0,0,0,0,0,0,0,0,0,0,0,0,0
2020,Guinea,28,0,0,0,0,0,7,0,0,0,0,0,0,0,0,0,0,0,0,0,0,0,1,0,0,0,0,0,0,0,0
2021,Guinea,78,0,0,0,0,1,2,0,0,0,0,0,0,0,0,0,0,0,0,0,0,0,0,0,0,0,0,0,0,0,0
2018,Guinea-Bissau,0,0,0,0,0,0,0,0,0,0,0,0,0,0,0,0,2,0,0,0,0,0,0,0,0,0,0,0,0,0,0
2022,India,0,0,0,0,19,0,0,0,0,0,0,0,0,0,0,0,0,0,0,0,0,0,0,0,0,0,0,0,0,0,0
2010,Iraq,0,0,0,0,0,90,0,0,0,0,0,26,20,0,0,18,0,0,0,0,0,0,0,0,0,0,0,0,0,0,0
2011,Iraq,0,0,0,0,0,71,0,0,0,0,8,34,8,0,0,9,0,0,0,0,0,3,0,0,0,0,0,0,0,0,0
2016,Iraq,0,0,0,0,0,0,0,0,0,0,342,0,0,0,0,0,0,0,0,0,0,0,0,0,0,0,0,0,0,0,0
2018,Iraq,4,0,0,0,0,0,0,0,0,0,0,0,0,0,0,0,0,0,0,0,0,0,0,0,0,0,0,0,0,0,0
2019,Iraq,0,0,0,0,0,0,0,0,0,0,4,0,0,0,0,0,0,0,0,0,0,4,0,0,0,0,0,0,0,0,0
2020,Iraq,52,0,14,0,0,0,3,0,0,0,5,5,0,0,0,2,0,0,1,0,0,0,0,0,0,0,0,0,0,0,0
2021,Iraq,21,0,0,0,0,0,0,0,0,0,0,0,0,0,0,0,0,0,0,0,0,0,0,0,0,0,0,0,0,0,0
2022,Iraq,0,0,0,0,0,0,0,0,0,0,10,0,0,0,0,0,0,0,0,0,0,0,0,0,0,0,0,0,0,0,0
2019,Kenya,2,0,0,0,0,0,0,0,0,0,0,0,0,0,0,0,0,0,0,0,0,0,0,0,0,0,0,0,0,0,0
2022,Kenya,13,0,0,0,0,0,0,0,0,0,0,0,0,0,0,0,0,0,0,0,0,0,0,0,0,0,0,0,0,0,0
2007,Kosovo,0,0,6,0,20,0,0,0,0,0,0,1,5,0,0,1,0,0,0,0,0,0,0,0,0,0,0,0,0,0,0
2008,Kosovo,0,0,4,0,13,0,0,0,0,0,0,0,0,0,0,0,0,0,0,0,0,0,0,0,0,0,0,0,0,0,0
2009,Kosovo,6,0,21,0,110,18,0,0,0,21,0,3,0,1,0,2,0,0,0,0,0,0,0,0,0,0,0,0,0,0,0
2010,Kosovo,148,0,16,0,265,36,0,0,2,1,43,0,2,0,0,0,0,0,0,0,0,0,0,0,0,0,2,0,0,0,0
2011,Kosovo,181,0,10,0,85,25,4,0,0,0,0,47,0,0,0,0,0,0,0,0,0,0,0,0,1,0,1,0,0,0,0
2012,Kosovo,168,0,2,0,52,42,0,0,0,37,0,16,0,0,0,0,0,0,0,0,0,0,3,0,0,0,0,0,0,0,0
2013,Kosovo,51,0,6,0,33,35,0,0,0,18,2,3,0,0,0,0,0,0,0,0,0,0,0,0,0,0,0,0,0,0,0
2014,Kosovo,67,0,19,0,69,28,0,0,0,287,23,9,0,0,0,0,0,0,0,0,0,0,0,0,0,0,2,0,0,0,0
2015,Kosovo,653,0,37,0,306,35,4,0,0,365,34,0,0,1,0,0,0,0,0,0,0,0,1,0,0,0,1,0,0,4,0
2016,Kosovo,2035,0,3,0,141,36,13,0,0,65,33,0,0,4,0,0,0,11,0,0,0,4,0,0,0,0,0,0,0,0,0
2017,Kosovo,1634,0,0,0,65,35,10,0,0,7,9,0,0,1,0,0,0,22,0,0,0,0,0,0,0,0,0,0,0,0,0
2018,Kosovo,711,0,13,0,32,14,0,0,0,1,6,0,0,5,0,0,0,0,1,0,0,0,0,0,0,0,0,0,0,0,0
2019,Kosovo,368,0,0,0,17,0,0,0,0,0,0,0,0,0,0,0,0,0,0,0,0,0,0,0,0,0,0,1,0,0,0
2020,Kosovo,142,0,5,0,0,0,0,0,0,0,4,0,0,0,0,1,0,0,0,0,0,0,0,0,0,0,0,3,0,0,0
2021,Kosovo,259,0,13,0,7,6,1,0,0,0,0,0,0,0,0,0,0,5,0,0,0,0,0,0,0,0,0,0,0,0,0
2022,Kosovo,137,0,0,0,0,0,1,0,0,0,0,0,0,0,0,0,0,0,0,0,0,0,0,0,0,0,0,0,0,0,0
2022,Kyrgyzstan,0,0,0,0,0,0,0,0,168,0,0,0,0,0,0,0,0,0,0,0,0,0,0,0,0,0,0,0,0,0,0
2016,Lebanon,0,0,0,0,0,0,0,0,0,0,0,53,0,0,0,0,0,0,0,0,0,0,0,0,0,0,0,0,0,0,0
2017,Lebanon,2,0,0,0,0,0,0,0,0,0,0,11,0,0,0,0,0,0,0,0,0,0,0,0,0,0,0,0,0,0,0
2018,Lebanon,4,0,0,0,0,0,0,0,0,0,0,0,0,0,0,0,0,0,0,0,0,0,0,0,0,0,0,0,0,0,0
2019,Lebanon,5,0,0,0,0,0,0,0,0,0,0,0,0,0,0,0,0,0,0,0,0,0,0,0,0,0,0,0,0,0,0
2022,Lebanon,0,0,0,0,0,0,0,0,0,0,0,0,0,0,0,0,0,0,0,0,0,7,0,0,0,0,0,0,0,0,0
2017,Mali,2,0,0,0,0,0,0,0,0,0,0,0,0,0,0,0,0,0,0,0,0,0,0,0,0,0,0,0,0,0,0
2019,Mauritania,0,0,0,146,0,0,0,0,0,0,0,0,0,0,0,0,0,0,0,0,0,0,0,0,0,0,0,0,0,0,0
2020,Mauritania,0,0,0,184,0,0,0,0,0,0,0,0,0,0,0,0,0,0,0,0,0,0,0,0,0,0,0,0,0,0,0
2021,Mauritania,0,0,0,13,0,0,0,0,0,0,0,0,0,0,0,0,0,0,0,0,0,0,0,0,0,0,0,0,0,0,0
2022,Mauritania,0,0,0,6,0,0,0,0,0,0,0,0,0,0,0,0,0,0,0,0,0,0,0,0,0,0,0,0,0,0,0
2016,Moldova,195,0,0,0,0,0,0,0,0,0,0,0,0,0,0,0,0,0,0,0,0,0,0,0,0,0,0,0,0,0,0
2017,Moldova,550,0,0,0,0,0,0,0,0,0,0,0,0,0,0,0,0,0,0,0,0,0,0,0,0,0,0,0,0,0,0
2018,Moldova,313,0,0,0,0,3,0,0,0,0,0,0,0,0,0,0,3,0,0,0,0,0,0,0,0,0,0,0,0,0,0
2019,Moldova,334,0,0,0,0,0,0,0,0,0,0,0,0,0,0,0,0,0,0,0,0,0,0,0,0,0,0,0,0,0,0
2020,Moldova,583,0,0,0,0,0,0,0,0,0,0,0,0,0,0,0,0,0,0,0,0,0,0,0,0,0,0,0,0,0,0
2021,Moldova,465,0,5,0,0,0,0,0,0,0,0,0,0,0,0,0,0,0,0,0,0,0,0,0,0,0,0,0,0,0,0
2022,Moldova,484,0,0,0,0,0,1,0,0,0,0,0,0,0,0,0,0,0,0,0,0,0,0,0,0,0,0,0,0,0,0
2008,Mongolia,0,0,0,0,0,35,0,0,6,0,0,3,0,0,0,0,0,0,0,0,0,0,0,0,0,0,0,0,0,0,0
2009,Mongolia,0,0,0,0,6,117,0,0,0,0,0,0,0,0,0,0,0,0,0,0,0,0,0,0,0,1,0,0,0,0,0
2019,Mongolia,0,0,0,0,6,0,0,0,0,0,0,0,0,0,0,0,1,0,0,0,0,0,0,0,0,0,0,0,0,0,0
2021,Mongolia,0,0,0,0,0,99,0,0,0,0,0,0,0,0,0,0,0,0,0,0,0,0,0,0,0,0,0,0,0,0,0
2016,Montenegro,52,0,0,0,0,0,0,0,0,0,0,0,0,0,0,0,0,0,0,0,0,0,0,0,0,0,0,0,0,0,0
2017,Montenegro,97,0,0,0,0,0,0,0,0,0,0,0,0,0,0,0,0,14,0,0,0,0,0,0,0,0,0,0,0,0,0
2018,Montenegro,65,0,0,0,0,0,0,0,0,0,0,0,0,0,0,0,0,0,0,0,0,0,0,0,0,0,0,0,0,0,0
2019,Montenegro,34,0,0,0,0,0,0,0,0,0,0,0,0,0,0,0,0,0,0,0,0,0,0,0,0,0,0,0,0,0,0
2020,Montenegro,44,0,0,0,0,0,0,0,0,0,0,0,0,0,0,0,0,0,0,0,0,0,0,0,0,0,0,0,0,0,0
2021,Montenegro,42,0,0,0,0,0,0,0,0,0,0,0,0,0,0,0,0,0,0,0,0,0,0,0,0,0,0,0,0,0,0
2022,Montenegro,50,0,0,0,0,0,0,0,0,0,0,0,0,0,0,0,0,0,0,0,0,0,0,0,0,0,0,0,0,0,0
2007,Nigeria,4,80,1,3,4,0,0,0,0,0,0,0,0,0,0,0,5,0,0,0,0,0,1,0,0,0,0,0,0,0,0
2008,Nigeria,21,41,12,31,8,2,5,0,5,0,0,0,42,0,22,44,19,6,0,0,0,0,0,0,0,0,2,0,0,0,0
2009,Nigeria,54,131,14,47,60,12,4,14,12,3,2,27,129,0,208,44,46,7,0,3,5,0,1,0,0,3,1,1,1,0,0
2010,Nigeria,48,85,12,50,108,8,5,66,7,11,6,38,125,0,111,25,0,5,0,2,16,0,0,0,0,2,0,2,0,0,0
2011,Nigeria,39,104,17,110,63,23,9,18,7,5,30,96,77,0,87,30,25,1,0,0,12,6,0,0,12,1,0,0,0,0,0
2012,Nigeria,39,132,17,42,57,15,0,17,4,1,8,55,0,0,65,24,0,2,2,0,24,0,2,0,2,1,0,0,0,0,0
2013,Nigeria,33,149,8,56,35,14,0,28,0,5,12,37,42,0,20,19,0,0,36,0,2,5,2,0,3,0,0,2,0,0,0
2014,Nigeria,8,119,13,26,3,11,2,13,2,0,13,83,41,1,0,13,7,0,16,0,16,13,1,1,3,0,1,0,0,0,0
2015,Nigeria,18,221,6,58,11,8,7,11,3,2,2,73,0,0,10,15,27,8,3,0,9,5,3,0,0,1,0,0,0,0,1
2016,Nigeria,16,151,2,19,37,14,19,12,2,20,0,36,0,0,0,16,45,0,0,0,4,4,0,1,1,0,1,0,0,0,0
2017,Nigeria,85,225,3,43,111,14,11,2,3,22,15,23,0,2,0,10,30,6,0,0,0,11,0,0,0,2,0,0,0,0,0
2018,Nigeria,113,149,3,25,169,7,20,1,0,7,9,13,0,1,0,4,13,9,4,0,0,0,0,2,0,0,0,1,0,0,0
2019,Nigeria,331,313,11,2,195,12,1,1,1,6,2,3,0,0,0,0,13,5,7,0,0,2,2,0,1,3,0,0,0,0,0
2020,Nigeria,83,30,0,0,71,4,2,1,2,4,0,1,0,0,0,8,0,7,1,0,0,0,1,0,0,0,1,0,0,0,0
2021,Nigeria,194,51,0,12,81,0,0,0,1,7,0,5,0,0,0,0,0,0,2,0,0,0,0,1,0,1,0,1,0,0,0
2022,Nigeria,263,95,0,6,53,43,0,0,3,4,0,0,0,0,0,6,6,0,1,8,0,3,0,8,0,1,0,0,0,0,0
2013,North Macedonia,44,0,0,1,0,14,0,0,0,0,3,0,0,0,0,0,0,0,0,0,0,0,0,0,0,0,0,0,0,0,0
2014,North Macedonia,109,0,1,1,0,6,0,0,0,0,0,0,0,0,0,0,0,5,0,0,0,0,0,0,0,0,0,0,0,0,0
2015,North Macedonia,132,0,0,0,0,1,0,0,0,0,0,0,0,11,0,0,0,0,0,0,0,0,0,0,0,0,0,0,0,0,0
2016,North Macedonia,640,0,0,0,7,3,9,0,0,0,0,0,0,76,0,0,0,0,0,0,0,0,0,0,0,0,0,0,0,0,0
2017,North Macedonia,934,0,0,0,29,0,0,0,0,0,0,0,0,153,0,0,0,0,0,0,0,0,0,0,0,0,0,0,0,0,0
2018,North Macedonia,687,0,0,0,13,0,0,0,0,0,0,0,0,16,0,0,0,0,0,0,0,0,0,0,0,0,0,0,0,0,0
2019,North Macedonia,334,0,0,0,19,0,0,0,0,0,0,0,0,0,0,0,0,6,0,0,0,0,0,0,0,0,0,0,0,0,0
2020,North Macedonia,245,0,0,0,0,0,0,0,0,0,0,0,0,7,0,0,0,0,0,0,0,0,0,0,0,0,0,0,0,0,0
2021,North Macedonia,211,0,0,0,0,1,0,0,0,0,0,0,0,0,0,0,0,0,0,0,0,0,0,0,0,0,0,0,0,0,0
2022,North Macedonia,425,0,0,0,0,0,0,0,0,0,0,0,0,0,0,0,0,0,0,0,0,0,0,0,0,0,0,0,0,0,0
2007,Pakistan,0,0,6,4,0,0,0,0,0,0,0,0,0,0,0,0,13,0,0,0,0,0,0,0,0,0,0,0,0,0,0
2008,Pakistan,2,4,25,40,0,0,0,5,0,0,0,0,18,0,0,4,7,0,0,0,0,0,0,0,0,0,0,1,0,0,0
2011,Pakistan,0,0,3,29,0,0,0,0,0,0,0,11,25,0,13,0,0,0,1,0,0,0,0,0,2,0,0,0,0,0,0
2012,Pakistan,0,0,5,26,0,2,0,2,4,0,0,0,0,0,19,0,0,0,1,0,0,0,0,0,0,0,0,0,0,0,0
2013,Pakistan,1,0,4,37,0,4,4,31,3,3,2,11,0,0,7,0,1,0,5,0,0,0,2,0,1,0,0,0,0,0,0
2014,Pakistan,0,0,6,40,0,9,2,140,3,1,0,0,0,0,0,0,0,0,13,0,2,0,0,3,0,0,0,0,0,0,0
2015,Pakistan,0,0,0,17,17,0,0,13,3,0,0,0,0,0,0,4,4,0,43,0,0,0,0,0,1,0,0,0,0,0,0
2016,Pakistan,27,0,0,0,31,6,0,133,0,31,0,0,0,0,0,0,0,0,5,0,0,0,0,0,0,0,0,0,0,0,0
2017,Pakistan,94,5,2,0,59,8,23,139,6,35,2,0,0,0,0,0,2,0,8,0,0,0,1,2,0,0,7,2,0,0,0
2018,Pakistan,277,2,0,0,36,15,2,46,6,7,4,0,0,0,0,0,1,0,1,0,0,0,0,0,0,0,0,1,0,0,0
2019,Pakistan,355,14,3,0,31,9,0,22,2,1,6,0,0,0,16,0,2,0,0,0,0,0,0,0,0,0,0,1,0,0,0
2020,Pakistan,225,0,0,0,20,3,0,61,5,0,0,0,0,0,0,0,0,0,0,0,0,0,0,0,0,0,0,0,0,0,0
2021,Pakistan,408,0,0,0,26,1,0,107,2,0,0,0,0,0,0,0,1,0,1,0,0,0,7,0,0,0,0,1,0,0,0
2022,Pakistan,239,0,0,0,5,0,0,25,0,1,0,0,0,0,0,0,1,0,1,11,0,0,0,0,0,2,3,0,0,0,0
2017,Peru,0,0,0,15,0,0,0,0,0,0,0,0,0,0,0,0,0,0,0,0,0,0,0,0,0,0,0,0,0,0,0
2018,Peru,0,0,0,5,0,0,0,0,0,0,0,0,0,0,0,0,0,0,0,0,0,0,0,0,0,0,0,0,0,0,0
2021,Peru,0,0,0,56,0,0,0,0,0,1,0,0,0,0,0,0,0,0,0,0,0,0,0,0,1,0,0,0,0,0,0
2014,Russia,0,0,0,0,0,0,0,0,40,0,0,0,0,0,0,0,2,0,0,0,0,0,0,0,0,0,0,0,0,0,0
2015,Russia,0,0,0,0,0,0,0,0,4,0,0,0,0,0,0,0,7,0,0,0,0,0,0,0,0,0,0,0,0,0,0
2016,Russia,10,0,0,0,0,0,0,0,0,0,0,0,0,0,0,0,5,0,1,0,0,0,0,0,0,0,0,0,0,0,0
2017,Russia,50,0,0,0,33,0,0,0,0,1,0,0,0,0,0,0,0,0,0,0,0,0,0,0,0,0,0,0,0,0,0
2018,Russia,192,0,0,0,90,4,0,0,0,0,0,0,0,0,0,0,5,0,0,0,0,0,0,0,0,0,0,0,0,0,0
2019,Russia,316,0,0,0,28,2,0,0,0,0,0,1,0,0,0,0,0,0,0,0,0,0,0,0,0,0,0,0,0,0,0
2020,Russia,41,0,0,0,25,0,0,0,0,0,0,0,0,0,0,0,0,0,0,0,0,0,0,0,0,0,0,0,0,0,0
2021,Russia,222,0,0,0,42,0,5,0,0,0,0,0,0,0,0,0,0,0,1,0,0,0,0,0,0,0,0,0,0,0,0
2022,Russia,40,0,0,0,0,0,0,0,0,0,0,0,0,0,0,0,0,0,0,0,0,0,0,0,0,0,0,0,0,0,0
2018,Senegal,3,0,0,203,0,0,0,0,0,0,0,0,0,0,0,0,0,0,0,0,0,0,0,0,0,0,0,0,0,0,0
2019,Senegal,12,0,0,0,0,0,0,0,0,0,0,0,0,0,0,0,0,0,0,0,0,0,0,0,0,0,0,0,0,0,0
2021,Senegal,15,0,0,1,0,0,0,0,0,0,0,0,0,0,0,0,0,0,0,0,0,0,0,0,0,0,0,0,0,0,0
2011,Serbia,160,0,6,0,0,14,9,0,0,0,0,7,0,0,0,0,0,0,0,0,0,0,0,0,0,0,0,0,0,0,0
2012,Serbia,405,3,8,0,0,126,5,0,0,0,0,0,0,0,0,0,0,31,0,0,0,0,0,0,0,0,0,0,0,0,0
2013,Serbia,299,0,2,7,0,103,0,0,0,0,7,0,0,1,5,0,0,0,0,0,0,0,0,0,0,0,0,0,0,0,0
2014,Serbia,213,0,2,2,0,42,0,0,0,0,0,0,0,0,0,0,0,22,0,0,0,0,0,0,0,0,0,0,0,0,0
2015,Serbia,275,0,0,0,0,29,3,0,0,0,0,0,0,0,0,9,0,7,0,0,0,0,0,0,0,0,0,0,0,0,0
2016,Serbia,1409,0,0,2,0,45,10,0,0,0,9,0,0,0,0,0,0,0,0,0,0,1,0,0,0,0,0,0,0,0,0
2017,Serbia,1723,0,0,0,28,0,15,0,0,0,0,0,0,3,0,0,0,16,0,0,0,0,0,0,0,0,0,0,0,0,0
2018,Serbia,999,0,4,0,25,1,0,0,0,0,0,0,0,0,0,0,0,0,0,0,0,0,0,0,0,0,0,0,0,0,0
2019,Serbia,569,0,0,0,12,0,0,0,0,0,0,0,0,0,0,0,0,0,0,0,0,0,0,0,0,0,0,0,0,0,0
2020,Serbia,479,0,0,0,0,0,0,0,0,0,0,0,0,0,0,0,0,0,0,0,0,0,0,0,0,0,0,0,0,0,0
2021,Serbia,446,0,1,0,0,1,0,0,0,0,0,0,0,0,0,0,0,0,0,0,0,0,0,0,0,0,0,0,0,0,0
2022,Serbia,518,0,0,0,0,0,0,0,0,0,0,0,0,0,0,0,0,0,0,0,0,0,0,0,0,0,0,0,0,0,0
2016,Somalia,0,0,0,0,0,0,0,0,0,0,0,0,0,0,0,0,0,0,0,0,0,2,0,0,0,0,0,0,0,0,0
2018,Somalia,4,0,0,0,0,0,0,0,0,0,0,0,0,0,0,0,0,0,0,0,0,0,0,0,0,0,0,0,0,0,0
2019,Somalia,6,0,0,0,0,0,0,0,0,0,0,0,0,0,0,0,0,0,0,0,0,0,0,0,0,0,0,0,0,0,0
2016,Sri Lanka,2,0,0,0,0,0,0,0,0,0,0,0,0,0,0,0,5,0,0,0,0,0,0,2,0,0,0,0,0,0,0
2017,Sri Lanka,1,0,0,0,0,5,0,0,0,0,0,0,0,0,0,0,0,0,23,0,0,0,0,0,0,0,0,0,0,0,0
2018,Sri Lanka,0,0,0,0,0,0,0,0,0,0,0,0,0,0,0,0,11,0,0,0,0,0,0,0,0,0,0,0,0,0,0
2021,Sri Lanka,39,0,0,0,1,0,0,0,0,0,0,0,0,0,0,0,12,0,0,0,0,0,0,0,0,0,0,0,0,0,0
2016,Sudan,0,40,0,0,0,0,0,0,0,1,0,0,0,0,0,0,2,0,0,0,0,0,0,0,0,0,0,0,0,0,0
2017,Sudan,0,0,0,0,0,0,0,0,0,0,0,2,0,0,0,0,4,0,0,0,0,0,0,0,0,0,0,0,0,0,0
2018,Sudan,0,0,0,0,0,0,0,0,0,0,0,0,0,0,0,0,5,0,0,0,0,0,0,0,0,0,0,0,0,0,0
2019,Sudan,1,0,0,0,0,0,0,0,0,0,0,0,0,0,0,0,5,0,0,0,0,0,0,0,0,0,0,0,0,0,0
2010,Syria,0,0,0,0,0,0,0,4,0,0,0,0,0,0,0,0,0,0,0,63,0,0,0,0,0,0,0,0,0,0,0
2022,Tajikistan,0,0,0,0,0,0,0,0,530,0,0,0,0,0,0,0,0,0,0,0,0,0,0,0,0,0,0,0,0,0,0
2007,Togo,14,0,2,0,0,0,0,0,0,0,0,0,0,0,0,0,4,1,0,0,0,0,0,0,0,0,0,0,0,0,0
2009,Togo,1,0,0,0,0,0,0,0,0,0,0,0,0,0,0,0,0,0,0,0,0,0,0,0,0,0,0,0,0,0,0
2016,Togo,2,0,0,0,0,0,0,0,0,0,0,0,0,0,0,0,0,0,0,0,0,0,0,0,0,0,0,0,0,0,0
2017,Togo,1,0,0,0,0,0,0,0,0,0,0,0,0,0,0,0,0,0,0,0,0,0,0,0,0,0,0,0,0,0,0
2018,Togo,2,0,0,0,0,0,0,0,0,0,0,0,0,0,0,0,0,0,0,0,0,0,0,0,0,0,0,0,0,0,0
2016,Tunisia,60,637,0,0,0,0,0,0,0,0,0,0,0,0,0,0,0,0,0,0,0,0,0,0,0,0,0,0,0,0,0
2017,Tunisia,189,1580,0,0,0,0,0,0,0,0,0,0,0,0,0,0,0,0,0,0,0,0,0,0,0,0,0,0,0,0,0
2018,Tunisia,233,1897,0,0,0,0,0,0,0,0,0,0,0,0,0,0,0,0,0,0,0,0,0,0,0,0,0,0,0,0,0
2019,Tunisia,247,1345,0,0,0,0,0,0,0,0,0,0,0,0,0,0,0,0,0,0,0,0,0,0,0,0,0,0,0,0,0
2020,Tunisia,140,1332,0,0,0,0,0,0,0,0,0,0,0,0,0,0,0,0,0,0,0,0,0,0,0,0,0,0,0,0,0
2021,Tunisia,227,1799,0,0,0,0,0,0,0,0,0,0,0,0,0,0,0,0,0,0,0,0,0,0,0,0,0,0,0,0,0
2022,Tunisia,175,2234,0,0,0,0,0,0,0,0,0,0,0,0,0,0,0,0,0,0,0,0,0,0,0,0,0,0,0,0,0
2016,Turkey,0,0,0,0,7,0,0,0,0,0,0,0,0,0,0,0,0,0,0,0,0,0,0,0,0,0,0,0,0,0,0
2018,Turkey,1,0,0,0,0,0,0,0,0,0,0,0,0,0,0,0,0,0,0,0,0,0,0,0,0,0,0,0,0,0,0
2019,Turkey,20,0,0,0,0,0,0,0,0,0,1,0,0,0,0,0,0,0,0,0,0,0,0,0,0,0,0,0,0,0,0
2020,Turkey,0,0,0,0,0,0,0,0,0,0,4,0,0,0,0,0,0,0,0,0,0,0,0,0,0,0,0,0,0,0,0
2021,Turkey,0,0,0,0,20,0,0,0,0,0,0,0,0,0,0,0,0,0,0,0,0,0,0,0,0,0,0,0,0,0,0
2022,Turkey,0,0,0,0,22,0,0,0,0,0,0,0,0,0,0,0,0,0,0,0,0,0,0,0,0,0,0,0,0,0,0
2010,Ukraine,0,13,3,30,0,0,0,0,0,0,0,0,0,0,0,0,0,0,0,0,0,0,0,0,0,0,0,0,0,0,0
2011,Ukraine,0,0,3,56,0,1,0,0,1,0,0,0,0,0,0,0,0,0,0,0,0,0,0,0,1,0,0,0,0,0,0
2012,Ukraine,2,2,0,32,0,0,0,0,0,0,0,0,0,0,0,0,0,0,0,0,0,0,0,0,2,0,0,0,0,0,0
2013,Ukraine,2,3,3,26,0,1,0,0,0,0,0,0,0,0,0,0,2,0,0,0,0,0,0,0,2,0,0,0,0,0,0
2017,Ukraine,13,0,6,6,20,0,0,0,0,0,0,0,0,0,0,0,5,0,0,0,0,0,0,0,0,0,0,0,0,0,0
2018,Ukraine,38,0,0,13,0,0,0,0,0,0,0,0,0,0,0,0,5,0,0,0,0,0,0,0,0,0,0,0,0,0,0
2019,Ukraine,83,0,0,0,0,0,0,0,0,0,0,0,0,0,0,0,0,0,0,0,0,0,0,0,0,0,0,0,0,0,0
2020,Ukraine,155,0,0,0,0,0,0,0,0,0,0,0,0,0,0,1,0,0,0,0,0,0,0,0,0,0,0,0,0,0,0
2021,Ukraine,183,0,0,7,0,1,0,0,0,0,0,2,0,0,0,0,0,0,0,0,0,0,0,0,0,0,0,0,0,0,0
2012,Uzbekistan,0,0,0,0,0,5,0,0,0,0,1,0,0,0,0,0,0,0,0,0,0,0,0,0,0,0,0,0,0,0,0
2018,Uzbekistan,0,0,0,0,0,0,0,0,0,0,0,0,0,0,0,0,1,0,0,0,0,0,0,0,0,0,0,0,0,0,0
2019,Uzbekistan,0,0,0,0,14,0,0,0,0,0,0,0,0,0,0,0,0,0,0,0,0,0,0,0,0,0,0,0,0,0,0
2022,Uzbekistan,0,0,0,0,7,14,0,0,0,0,0,0,0,0,0,0,0,0,0,0,0,0,0,0,0,0,0,0,0,0,0
2009,Viet Nam,83,0,0,0,0,0,0,0,29,0,0,0,0,0,0,0,0,0,0,0,0,0,0,0,0,0,0,0,0,0,0
2020,Viet Nam,0,0,0,0,0,0,0,0,14,0,0,0,0,0,0,2,0,0,0,0,0,0,25,0,0,8,0,0,0,0,0
2021,Viet Nam,0,0,0,0,0,5,0,0,13,2,0,4,0,0,0,0,0,0,0,0,0,0,0,1,0,5,0,0,0,0,0
2022,Viet Nam,15,0,0,0,0,0,0,0,0,0,0,0,0,0,0,0,0,0,0,0,0,0,0,0,0,0,0,0,0,0,0
